date,user_id,email,platform,registration_type
2023-03-01T00:25:39,8838849,joseph95@example.org,web,google
2023-03-01T14:53:01,8741065,janetsuarez@example.net,web,yandex
2023-03-01T14:27:36,1866654,robert67@example.org,web,google
2023-03-01T02:42:34,1577584,elam@example.net,web,apple
2023-03-01T10:27:14,4765395,stephanie68@example.net,web,yandex
2023-03-01T07:13:08,2241108,hatfieldmichael@example.com,web,yandex
2023-03-01T07:02:53,8643040,arthurgarrett@example.net,web,google
2023-03-01T16:49:03,130050,scottjacqueline@example.com,web,yandex
2023-03-01T02:51:34,4066354,laurensmith@example.net,web,email
2023-03-01T04:25:55,7340902,david71@example.org,web,yandex
2023-03-01T15:33:39,7156321,christopher32@example.net,web,yandex
2023-03-01T18:57:05,6829562,gwendolyn14@example.com,web,google
2023-03-01T22:49:22,4560062,coffeylori@example.net,web,apple
2023-03-01T14:55:00,3882113,hballard@example.org,web,apple
2023-03-01T00:50:15,368030,charlesstevens@example.net,web,yandex
2023-03-01T09:14:48,7752527,jonathan57@example.com,web,yandex
2023-03-01T01:56:21,968533,fmcgrath@example.org,web,google
2023-03-01T05:24:20,7742102,markmitchell@example.com,web,google
2023-03-01T03:59:52,5117370,dvasquez@example.org,web,email
2023-03-01T14:00:03,4182960,brandon32@example.net,web,email
2023-03-01T19:18:08,2415705,iwatson@example.org,web,google
2023-03-01T16:40:37,1733910,stacy22@example.com,web,email
2023-03-01T14:21:11,8443892,lpena@example.net,web,email
2023-03-01T19:52:45,4118834,davisdavid@example.org,web,google
2023-03-01T18:34:25,8427477,patricklamb@example.com,android,google
2023-03-01T04:48:05,470480,zanderson@example.org,android,email
2023-03-01T21:04:51,4878975,nathan79@example.net,android,google
2023-03-01T15:16:30,3591010,wendy73@example.net,android,email
2023-03-01T14:19:34,6673038,vrobinson@example.net,android,google
2023-03-01T08:03:05,1499355,smithbenjamin@example.com,android,email
2023-03-01T13:57:40,2267624,nelsonjames@example.net,android,email
2023-03-01T05:51:36,6979794,jessica93@example.com,android,google
2023-03-01T03:41:59,511648,richardvazquez@example.com,android,google
2023-03-01T19:51:08,3700691,mercedes84@example.net,android,email
2023-03-01T09:28:05,5811852,paul46@example.org,android,email
2023-03-01T03:25:44,6447879,justin90@example.org,android,google
2023-03-01T23:52:45,5925445,ocain@example.net,android,google
2023-03-01T00:12:22,100719,aanderson@example.org,android,google
2023-03-01T05:34:42,8445870,ryan45@example.org,android,email
2023-03-01T05:37:35,2397032,linda48@example.net,android,google
2023-03-01T15:02:08,8135896,ldonovan@example.com,android,email
2023-03-01T13:53:37,5360254,richardpage@example.org,android,google
2023-03-01T10:32:28,2796466,downsallison@example.org,android,email
2023-03-01T05:57:28,5416620,ingramluke@example.com,android,email
2023-03-01T08:43:51,8526282,sharonbaker@example.net,android,google
2023-03-01T07:01:49,3028468,sarah55@example.com,ios,apple
2023-03-01T12:01:54,4599707,nicholas42@example.com,ios,apple
2023-03-01T13:26:55,3987821,philipblevins@example.net,ios,email
2023-03-01T01:32:12,2938785,debra86@example.com,ios,email
2023-03-01T20:39:50,6018552,wallaceaaron@example.net,ios,email
2023-03-01T18:30:28,5231350,ellen17@example.com,ios,apple
2023-03-01T03:18:34,6737847,charles88@example.net,ios,email
2023-03-01T16:58:04,363618,olsondouglas@example.com,ios,apple
2023-03-01T17:00:42,3641171,vgay@example.com,ios,apple
2023-03-01T03:36:26,4172439,theresahoover@example.net,ios,email
2023-03-01T13:22:16,5178781,bowmanandrea@example.net,ios,email
2023-03-01T02:51:22,934664,dillonwinters@example.org,ios,email
2023-03-01T21:24:24,5766019,davischristine@example.net,ios,apple
2023-03-01T13:56:02,1838001,kimberlybyrd@example.net,ios,apple
2023-03-01T03:32:15,8249320,tiffany11@example.com,ios,apple
2023-03-02T03:54:59,4475648,mistyedwards@example.net,web,yandex
2023-03-02T02:53:04,6011966,morgandiaz@example.net,web,email
2023-03-02T11:52:25,8426081,kathryn46@example.net,web,email
2023-03-02T00:25:32,3274997,hrobinson@example.net,web,apple
2023-03-02T22:52:37,2732458,cbrowning@example.net,web,yandex
2023-03-02T05:13:25,2626542,vwatson@example.com,web,google
2023-03-02T14:21:53,49757,walkeramy@example.net,web,google
2023-03-02T03:32:12,4178278,maryadkins@example.net,web,email
2023-03-02T23:44:14,4981425,qmiller@example.net,web,email
2023-03-02T03:20:19,6846530,brendawebb@example.net,web,apple
2023-03-02T01:11:48,1631615,hornewilliam@example.org,web,apple
2023-03-02T04:14:47,131759,wandawade@example.net,web,google
2023-03-02T11:04:19,7363178,stephengarcia@example.com,web,apple
2023-03-02T07:48:25,5057586,swansongregory@example.org,web,yandex
2023-03-02T02:26:00,3190017,leeaustin@example.org,web,google
2023-03-02T18:35:27,7354155,victor09@example.com,web,google
2023-03-02T18:26:55,2263866,thomaskim@example.net,web,yandex
2023-03-02T04:56:19,720902,obailey@example.net,web,google
2023-03-02T22:28:13,2316165,freyes@example.net,web,yandex
2023-03-02T20:47:20,4181826,ericsmith@example.net,web,email
2023-03-02T21:35:40,313165,holtbrenda@example.net,web,apple
2023-03-02T05:28:28,1005918,morrismegan@example.com,web,email
2023-03-02T00:15:10,8869843,robertsjessica@example.net,web,email
2023-03-02T07:24:28,8325027,hillbrenda@example.org,web,yandex
2023-03-02T10:04:17,930634,halljeffrey@example.net,web,google
2023-03-02T13:10:40,5806077,bellsherri@example.net,web,yandex
2023-03-02T03:54:29,7893996,bettyyoung@example.org,web,apple
2023-03-02T04:30:37,7735407,llivingston@example.org,web,google
2023-03-02T07:25:05,3983769,uschmidt@example.com,web,yandex
2023-03-02T04:15:19,4010521,lgarcia@example.com,web,google
2023-03-02T16:27:25,1442449,michael78@example.net,web,apple
2023-03-02T22:23:06,1996145,tylercaldwell@example.org,web,yandex
2023-03-02T21:43:26,1932553,lisalee@example.net,web,apple
2023-03-02T09:57:26,3770888,pamelamorris@example.net,web,email
2023-03-02T12:11:44,3165235,morganchristopher@example.net,web,email
2023-03-02T14:39:30,4349168,ashley00@example.com,web,yandex
2023-03-02T12:40:47,378605,vnunez@example.net,web,google
2023-03-02T10:04:27,5057606,saramcgee@example.net,web,apple
2023-03-02T08:31:57,2722175,tracey82@example.net,web,google
2023-03-02T16:08:44,6572554,sanchezann@example.net,web,apple
2023-03-02T20:04:53,1706412,diana28@example.com,web,yandex
2023-03-02T13:46:55,5391877,sara37@example.net,web,apple
2023-03-02T18:46:12,592417,ymccarthy@example.net,web,apple
2023-03-02T14:15:08,7634558,ncopeland@example.org,web,yandex
2023-03-02T21:52:11,3316321,sarmstrong@example.com,web,apple
2023-03-02T07:21:27,3220197,cody64@example.com,web,apple
2023-03-02T08:55:08,1413110,ashleywoods@example.org,web,email
2023-03-02T16:05:57,8275414,jamescarter@example.net,web,yandex
2023-03-02T20:35:30,6674726,mcopeland@example.com,web,apple
2023-03-02T09:49:21,2016364,wsmith@example.net,web,yandex
2023-03-02T05:14:20,3311539,troy50@example.org,web,google
2023-03-02T03:20:37,1770478,emily78@example.org,web,email
2023-03-02T05:29:09,8391501,april40@example.net,web,google
2023-03-02T08:19:26,4424460,dtate@example.net,web,email
2023-03-02T15:52:12,682208,chenshannon@example.net,web,google
2023-03-02T20:27:44,632658,sferguson@example.org,web,apple
2023-03-02T15:12:31,930520,nmartinez@example.com,web,yandex
2023-03-02T03:59:09,3300826,catherine19@example.com,web,apple
2023-03-02T13:08:38,4807933,alexandratyler@example.com,web,email
2023-03-02T17:41:15,2911047,tannerdaniel@example.org,web,apple
2023-03-02T05:46:03,4384254,ericburns@example.net,web,yandex
2023-03-02T14:55:44,216593,jameswilliamson@example.net,web,google
2023-03-02T20:36:55,5044128,michellehill@example.com,web,email
2023-03-02T21:03:48,3490324,daisysmith@example.net,web,yandex
2023-03-02T20:27:15,8488095,vsingleton@example.com,web,google
2023-03-02T05:31:41,7150125,pattersondaniel@example.com,web,google
2023-03-02T15:31:23,4853810,ohaynes@example.net,web,yandex
2023-03-02T17:37:42,7474587,joseph55@example.org,web,google
2023-03-02T23:27:46,7036129,cristian28@example.com,web,yandex
2023-03-02T15:13:37,7085730,bryanwillis@example.net,web,yandex
2023-03-02T15:03:12,6005560,rachel30@example.com,web,apple
2023-03-02T04:55:00,7144050,tonya10@example.org,web,apple
2023-03-02T03:18:40,8155758,caseychristopher@example.org,web,email
2023-03-02T01:48:32,3576455,panderson@example.org,web,email
2023-03-02T06:31:42,2338352,loripatel@example.org,web,yandex
2023-03-02T22:29:13,5460814,alisonalvarez@example.com,web,google
2023-03-02T23:37:25,4256065,sarahkemp@example.com,web,email
2023-03-02T21:46:45,3014768,sandersjeffrey@example.com,web,apple
2023-03-02T19:42:25,4191879,thomasjerry@example.com,android,email
2023-03-02T13:49:03,7090516,qromero@example.net,android,google
2023-03-02T05:40:05,7846632,troy38@example.com,android,google
2023-03-02T00:12:53,8208370,douglas37@example.org,android,email
2023-03-02T12:15:33,1121994,turnermary@example.net,android,google
2023-03-02T14:44:09,4470439,scottwest@example.org,android,google
2023-03-02T13:45:46,8281973,jlewis@example.org,android,email
2023-03-02T15:06:59,8501742,cindyfisher@example.com,android,email
2023-03-02T03:07:27,3967792,donna46@example.org,android,google
2023-03-02T07:34:28,2960259,cshepherd@example.org,android,google
2023-03-02T08:09:54,4508608,lopezmatthew@example.net,android,google
2023-03-02T14:14:35,95668,sheamelissa@example.org,android,email
2023-03-02T00:51:45,2153758,sarah27@example.org,android,email
2023-03-02T10:04:40,8537453,yclark@example.com,android,email
2023-03-02T12:01:12,5284431,nancy13@example.net,android,google
2023-03-02T05:57:48,5774201,lorrainepark@example.net,android,email
2023-03-02T21:25:05,7106480,leeherbert@example.net,android,google
2023-03-02T18:15:12,3225807,philipsalinas@example.net,android,google
2023-03-02T23:59:46,30487,diane64@example.org,android,google
2023-03-02T14:11:29,2641846,charlesmartin@example.net,android,email
2023-03-02T05:37:24,5038900,hkelly@example.net,android,email
2023-03-02T22:43:32,2908729,colemanmegan@example.net,android,google
2023-03-02T10:51:33,8639261,gbrown@example.org,android,google
2023-03-02T23:23:23,1024884,zjackson@example.net,android,email
2023-03-02T10:41:42,4994269,johnsonalicia@example.org,android,email
2023-03-02T08:28:33,8157682,walkerjackson@example.com,android,google
2023-03-02T08:14:59,7392473,xleonard@example.net,android,google
2023-03-02T09:59:50,8324978,melissaharris@example.org,android,email
2023-03-02T08:03:55,4459265,richard35@example.net,android,google
2023-03-02T11:08:03,3128412,fcarson@example.net,android,google
2023-03-02T04:30:47,7525449,suzanneburns@example.net,android,email
2023-03-02T13:34:09,7658287,brendamedina@example.net,android,email
2023-03-02T03:18:44,3585004,coxangela@example.com,android,google
2023-03-02T20:55:16,7696850,ramosdavid@example.net,android,email
2023-03-02T19:35:55,7768996,emartinez@example.net,android,google
2023-03-02T22:19:37,176339,angela29@example.com,android,google
2023-03-02T07:50:36,1752183,floresmegan@example.com,android,google
2023-03-02T04:55:22,5165700,jimmy81@example.com,android,google
2023-03-02T00:14:37,7107320,vancemichael@example.net,android,google
2023-03-02T15:22:58,7989498,blakeangela@example.org,android,email
2023-03-02T18:50:43,6623240,twarner@example.net,android,google
2023-03-02T01:19:36,1330080,karen69@example.org,android,email
2023-03-02T20:28:49,2369399,dmendoza@example.com,android,email
2023-03-02T11:30:50,2271270,bwilliams@example.net,android,google
2023-03-02T05:10:28,7643531,traci93@example.net,android,email
2023-03-02T18:27:45,3993118,vbradford@example.net,android,email
2023-03-02T14:30:02,1902348,grahamcharles@example.com,android,email
2023-03-02T19:58:06,6689183,josephowens@example.com,android,email
2023-03-02T22:25:18,739635,smithshane@example.org,android,email
2023-03-02T06:22:12,359381,nunezcourtney@example.com,android,email
2023-03-02T08:04:28,5602625,kathrynsmith@example.com,android,email
2023-03-02T12:44:40,3366441,sharon21@example.org,android,email
2023-03-02T02:50:33,390422,sarah51@example.com,android,google
2023-03-02T09:58:02,6682939,edouglas@example.net,android,email
2023-03-02T11:37:37,6586270,thomas37@example.net,android,google
2023-03-02T07:37:59,8146294,marisaferguson@example.org,android,email
2023-03-02T13:15:51,795927,michaelriley@example.com,android,email
2023-03-02T09:22:02,4482100,anne96@example.com,android,google
2023-03-02T12:07:44,3508372,steven58@example.org,android,google
2023-03-02T04:09:51,7470923,ybanks@example.org,android,google
2023-03-02T03:02:38,878113,ericagibson@example.com,android,google
2023-03-02T07:51:48,3830711,murphyjaclyn@example.net,android,google
2023-03-02T19:14:30,7708318,shanedavid@example.com,android,email
2023-03-02T13:38:07,4286757,ismith@example.org,android,google
2023-03-02T06:55:28,2647134,leroyknight@example.com,android,email
2023-03-02T03:25:11,7400251,kimberly98@example.com,android,email
2023-03-02T14:24:21,5645223,anita42@example.net,android,google
2023-03-02T19:14:54,7130617,john44@example.org,android,email
2023-03-02T14:18:47,8361939,nguyenmonica@example.net,android,google
2023-03-02T03:03:25,5065886,danielmorgan@example.org,android,google
2023-03-02T06:53:46,7413726,yfisher@example.net,android,google
2023-03-02T21:09:16,520385,morserobert@example.com,android,email
2023-03-02T13:56:29,2310650,matthewwatson@example.org,android,email
2023-03-02T13:09:45,6836440,jonathanortega@example.org,android,google
2023-03-02T08:14:53,991157,markcameron@example.com,android,google
2023-03-02T06:00:20,6878303,vasquezdrew@example.com,android,email
2023-03-02T15:57:26,6732602,collinspatricia@example.net,android,google
2023-03-02T23:40:31,8194612,ballarddaniel@example.net,android,email
2023-03-02T07:00:02,8822084,wgoodman@example.org,android,google
2023-03-02T00:07:15,2409942,robinsonyolanda@example.com,android,email
2023-03-02T14:09:21,6575307,fgarcia@example.org,android,google
2023-03-02T01:11:14,5228577,hpierce@example.com,android,email
2023-03-02T01:48:42,3961762,bbennett@example.com,android,email
2023-03-02T06:12:02,251767,cbrooks@example.net,android,google
2023-03-02T16:42:37,1448798,leejoshua@example.com,android,google
2023-03-02T18:52:45,7228857,millskatherine@example.org,android,email
2023-03-02T15:48:50,430610,david87@example.com,android,email
2023-03-02T14:07:47,6015534,dthomas@example.org,android,email
2023-03-02T06:30:13,2256961,amberrice@example.net,android,email
2023-03-02T13:57:23,6737542,ithompson@example.org,android,google
2023-03-02T18:40:25,8855252,jasonhart@example.org,android,email
2023-03-02T12:01:43,1463206,wrogers@example.com,android,google
2023-03-02T09:50:53,5586972,kaylaprince@example.com,android,email
2023-03-02T23:03:47,6726961,ochen@example.org,android,google
2023-03-02T06:12:15,4509612,mooreamber@example.org,android,email
2023-03-02T15:36:25,31656,williamhart@example.net,android,google
2023-03-02T11:04:11,7701340,oliverbrandon@example.net,android,email
2023-03-02T06:49:35,2174558,sarah23@example.com,android,google
2023-03-02T03:42:20,2384494,emilybauer@example.net,android,email
2023-03-02T23:19:16,6269588,acooper@example.com,android,google
2023-03-02T13:14:20,1515691,gkelley@example.net,android,email
2023-03-02T16:39:01,4319520,billyrivera@example.org,android,google
2023-03-02T19:22:19,7691716,kristencarlson@example.net,android,email
2023-03-02T23:21:49,1153207,jack05@example.net,android,email
2023-03-02T21:36:32,430025,jerryrobinson@example.com,android,email
2023-03-02T16:45:58,4435033,jessica87@example.net,android,email
2023-03-02T20:11:07,8669236,okeller@example.org,android,google
2023-03-02T04:50:12,2066635,kimberlyvasquez@example.net,android,email
2023-03-02T02:10:35,1592781,douglas90@example.com,android,email
2023-03-02T10:32:35,6848447,thomasbrown@example.org,android,google
2023-03-02T14:12:14,5241991,charlesblair@example.org,android,email
2023-03-02T22:15:18,1987404,victoria38@example.com,android,google
2023-03-02T20:22:42,4320774,jduncan@example.org,android,email
2023-03-02T17:35:37,7033839,michellesingleton@example.net,android,email
2023-03-02T05:57:11,3077312,rodriguezanthony@example.net,android,email
2023-03-02T19:56:02,7925727,jtran@example.net,android,email
2023-03-02T04:27:22,8053814,kberry@example.net,android,email
2023-03-02T15:20:13,8546104,qmartinez@example.org,android,email
2023-03-02T08:19:41,3355654,jessicabaker@example.com,android,google
2023-03-02T18:34:51,849101,austinfrey@example.org,android,email
2023-03-02T18:25:22,5571183,ross40@example.com,android,email
2023-03-02T01:06:09,3302817,nicholas30@example.org,android,google
2023-03-02T07:39:34,3061048,maciasjeremy@example.net,android,google
2023-03-02T08:44:50,1994366,leslieterry@example.com,android,email
2023-03-02T12:14:55,182054,lindseysmith@example.org,android,email
2023-03-02T16:45:57,1023488,sabrinathomas@example.net,android,google
2023-03-02T03:13:23,7184306,ksingleton@example.com,android,google
2023-03-02T05:38:55,6744704,williamsalexandra@example.net,android,google
2023-03-02T06:08:22,3724661,christopher30@example.org,android,google
2023-03-02T10:53:55,1731455,shahdylan@example.net,android,google
2023-03-02T23:24:51,4955988,james62@example.com,android,email
2023-03-02T08:16:32,4164118,kevinsmith@example.net,android,email
2023-03-02T05:49:35,1062606,jane78@example.com,android,email
2023-03-02T22:29:28,256010,abradley@example.org,android,email
2023-03-02T16:23:14,5096324,danielstephenson@example.org,android,google
2023-03-02T12:58:25,942951,jcross@example.net,android,google
2023-03-02T03:27:51,6851558,uhester@example.org,android,email
2023-03-02T16:18:02,3366360,suzanne18@example.net,android,google
2023-03-02T20:27:11,3705496,qbutler@example.org,android,email
2023-03-02T02:32:53,4075932,veronicawalker@example.net,android,email
2023-03-02T05:50:58,6699168,gabrielcastro@example.net,android,email
2023-03-02T22:39:45,2195077,nhickman@example.org,android,google
2023-03-02T08:42:08,1021300,woodsdonald@example.net,android,email
2023-03-02T10:04:18,742594,sergio61@example.com,android,google
2023-03-02T09:47:27,6355156,joelshort@example.org,android,email
2023-03-02T13:06:38,3588639,jackson56@example.com,android,email
2023-03-02T17:10:52,8381796,bethanyneal@example.net,android,email
2023-03-02T13:10:22,2650091,xharris@example.com,android,google
2023-03-02T22:26:59,6265763,wvalenzuela@example.com,android,google
2023-03-02T02:55:40,390116,lewisjessica@example.com,android,google
2023-03-02T22:49:45,4436243,tina12@example.org,android,email
2023-03-02T11:03:32,7225314,sullivanjacob@example.net,ios,apple
2023-03-02T10:33:57,1963555,briannacabrera@example.com,ios,apple
2023-03-02T09:24:45,1863582,jamiealvarado@example.com,ios,apple
2023-03-02T06:14:42,3796823,usilva@example.com,ios,email
2023-03-02T11:09:04,1238834,laurenwilson@example.net,ios,email
2023-03-02T16:50:19,843548,kcontreras@example.com,ios,apple
2023-03-02T00:34:26,7261978,aaron02@example.com,ios,apple
2023-03-02T16:18:32,2547672,dawnbeard@example.org,ios,apple
2023-03-02T13:21:19,4542799,jamesbilly@example.com,ios,apple
2023-03-02T20:20:48,1974775,gordonjonathan@example.net,ios,apple
2023-03-02T01:42:17,7150852,dominguezmatthew@example.net,ios,email
2023-03-02T22:18:53,3826956,gharvey@example.com,ios,email
2023-03-02T04:04:24,7635681,rjenkins@example.com,ios,email
2023-03-02T21:22:03,5033488,ihayes@example.net,ios,apple
2023-03-02T19:33:35,7768086,anne95@example.net,ios,apple
2023-03-02T14:12:33,8008053,daypaula@example.net,ios,apple
2023-03-02T16:30:16,4669991,alexsandoval@example.com,ios,email
2023-03-02T20:40:04,6777770,cmercado@example.org,ios,apple
2023-03-02T11:13:07,161231,joseph50@example.org,ios,apple
2023-03-02T12:15:08,2507052,jenniferwest@example.net,ios,email
2023-03-02T10:03:24,5303188,campbellbrittany@example.com,ios,apple
2023-03-02T00:29:53,3777222,kimberly90@example.com,ios,apple
2023-03-02T11:55:37,6624168,everettkara@example.net,ios,email
2023-03-02T03:11:54,7426770,oashley@example.net,ios,email
2023-03-02T20:43:40,1965195,adrian31@example.org,ios,email
2023-03-02T13:17:45,996464,etaylor@example.net,ios,email
2023-03-02T22:54:40,169537,dylan76@example.net,ios,apple
2023-03-02T09:07:58,2032533,timothyswanson@example.org,ios,email
2023-03-02T20:14:48,4401944,pwalker@example.com,ios,email
2023-03-02T00:08:12,4361137,uwilson@example.net,ios,apple
2023-03-02T23:12:26,1561812,gdavis@example.org,ios,email
2023-03-02T16:30:40,2679024,bowenrachel@example.com,ios,email
2023-03-02T09:00:14,3725809,timothywilson@example.net,ios,email
2023-03-02T18:22:11,7938563,wroach@example.com,ios,apple
2023-03-02T22:06:14,6595908,fwilliams@example.net,ios,email
2023-03-02T22:30:15,6945161,zanderson@example.org,ios,email
2023-03-02T18:11:02,608850,idaniels@example.net,ios,apple
2023-03-02T11:52:34,2098452,rgrant@example.com,ios,apple
2023-03-02T18:14:38,1331062,danny65@example.org,ios,email
2023-03-02T14:17:29,313873,kristenbrady@example.com,ios,apple
2023-03-02T05:06:07,2049696,youngsandra@example.com,ios,apple
2023-03-02T16:48:07,5476483,denisehall@example.com,ios,email
2023-03-02T01:29:53,2143098,andersonthomas@example.net,ios,email
2023-03-02T05:47:03,5074930,waterserin@example.net,ios,apple
2023-03-02T20:29:17,6640851,ehunt@example.com,ios,apple
2023-03-02T13:58:49,2166001,uross@example.org,ios,apple
2023-03-02T00:56:13,5659234,rachelcunningham@example.org,ios,email
2023-03-02T20:20:21,4586399,glittle@example.net,ios,apple
2023-03-02T05:48:21,2953814,janet24@example.net,ios,email
2023-03-02T14:43:05,4463778,cheryl63@example.com,ios,apple
2023-03-02T02:25:01,4193729,mbowman@example.net,ios,apple
2023-03-02T15:52:30,4171498,kimberly90@example.com,ios,apple
2023-03-02T18:22:33,7783301,amanda06@example.org,ios,apple
2023-03-02T10:00:01,5215557,kevinbrady@example.com,ios,apple
2023-03-02T17:06:50,2264189,kochhayden@example.com,ios,email
2023-03-02T01:10:56,8833069,mdiaz@example.com,ios,email
2023-03-02T19:04:07,8788787,taylorandrea@example.net,ios,email
2023-03-02T07:41:27,8681891,amandaboyd@example.com,ios,apple
2023-03-02T05:31:56,106048,coltonlewis@example.org,ios,apple
2023-03-02T05:22:29,2922015,michaelnelson@example.org,ios,email
2023-03-02T11:22:55,7031127,amanda82@example.net,ios,apple
2023-03-02T07:02:23,2098726,jennifer55@example.org,ios,email
2023-03-02T04:10:11,630587,kelseybates@example.org,ios,email
2023-03-02T10:25:02,4757058,michael30@example.org,ios,email
2023-03-02T03:52:03,689923,baileyronald@example.net,ios,email
2023-03-02T11:02:09,7216801,fguerra@example.net,ios,email
2023-03-02T15:09:37,8881772,nathan53@example.com,ios,apple
2023-03-02T08:28:13,55485,washingtonstephen@example.net,ios,apple
2023-03-02T10:03:16,452277,hansenbrandy@example.net,ios,apple
2023-03-02T18:02:23,1121374,bryangraham@example.com,ios,apple
2023-03-02T06:47:37,3875855,lmiller@example.net,ios,email
2023-03-02T16:26:55,5694628,paul01@example.org,ios,email
2023-03-02T02:08:05,5442617,dlam@example.net,ios,apple
2023-03-02T04:28:41,6250830,bliu@example.org,ios,apple
2023-03-02T11:24:45,7894057,jcarter@example.com,ios,email
2023-03-02T07:40:45,4760508,angel67@example.org,ios,apple
2023-03-02T08:02:52,1171352,zachary79@example.org,ios,apple
2023-03-02T19:10:17,8665860,victoriataylor@example.org,ios,apple
2023-03-02T10:29:34,6184934,jacobsnyder@example.org,ios,apple
2023-03-02T04:10:35,2857578,gabrielstewart@example.net,ios,email
2023-03-02T04:28:54,6538557,michaelacaldwell@example.com,ios,apple
2023-03-02T00:33:10,5181097,jflores@example.net,ios,email
2023-03-02T04:00:12,2983210,snowlisa@example.org,ios,email
2023-03-02T01:45:19,6216854,ballen@example.org,ios,apple
2023-03-02T23:52:30,4213194,tjohnson@example.net,ios,email
2023-03-02T12:32:50,1656057,sonyamoore@example.com,ios,apple
2023-03-02T04:16:34,26749,christopher44@example.org,ios,apple
2023-03-02T21:18:28,7247376,pamelamorris@example.org,ios,email
2023-03-02T16:45:20,493191,terrygonzales@example.net,ios,apple
2023-03-02T15:00:19,1670581,sara34@example.net,ios,email
2023-03-02T02:14:25,4900359,angela98@example.net,ios,email
2023-03-03T06:38:53,2423992,kathleenspencer@example.com,web,apple
2023-03-03T13:30:55,5897543,amy34@example.net,web,google
2023-03-03T07:35:34,8762223,jennifer19@example.org,web,apple
2023-03-03T23:40:40,4693693,kellybaldwin@example.com,web,email
2023-03-03T22:37:09,7833852,clarkerin@example.org,web,yandex
2023-03-03T17:04:02,5059782,stanleychristian@example.com,web,yandex
2023-03-03T01:20:01,3681531,elizabethterrell@example.net,web,email
2023-03-03T08:12:44,8221525,mramirez@example.org,web,apple
2023-03-03T02:30:41,7848319,christopher55@example.org,web,email
2023-03-03T11:16:46,5631349,ritaguzman@example.org,web,google
2023-03-03T02:49:04,8547786,smcdonald@example.net,web,apple
2023-03-03T18:00:59,2650843,arthur98@example.org,web,yandex
2023-03-03T15:16:48,1738961,lisa40@example.org,web,google
2023-03-03T16:56:25,7508851,walshlarry@example.com,web,yandex
2023-03-03T02:45:04,8520850,destiny45@example.org,web,apple
2023-03-03T05:34:55,720236,saundersjessica@example.com,web,email
2023-03-03T06:47:51,1685241,scottwells@example.org,web,yandex
2023-03-03T18:41:38,8790161,hfoster@example.com,web,apple
2023-03-03T01:07:15,6143865,sanchezlori@example.com,web,yandex
2023-03-03T17:22:11,7247358,anthony68@example.com,web,email
2023-03-03T06:14:48,1411925,michaelherrera@example.com,web,email
2023-03-03T14:27:26,755906,llynn@example.com,web,google
2023-03-03T15:02:54,8051784,simmonselizabeth@example.com,web,email
2023-03-03T04:00:28,665008,ysanders@example.org,web,apple
2023-03-03T09:14:21,8867958,kim42@example.org,web,google
2023-03-03T13:59:04,2344906,meyermatthew@example.com,web,email
2023-03-03T08:46:47,203007,tammy41@example.org,web,apple
2023-03-03T10:46:31,5603030,monica67@example.org,web,email
2023-03-03T10:17:57,8146581,ksmith@example.org,web,yandex
2023-03-03T15:24:56,4074518,charlesmartinez@example.com,web,email
2023-03-03T08:44:42,503468,gday@example.net,web,apple
2023-03-03T07:07:40,4228596,griffithjoshua@example.net,web,apple
2023-03-03T19:22:18,7546490,hoffmannicholas@example.net,web,apple
2023-03-03T20:09:22,2257656,betty89@example.net,web,yandex
2023-03-03T13:21:15,8830002,wilsonjennifer@example.org,web,yandex
2023-03-03T19:29:43,8225432,eric40@example.net,web,email
2023-03-03T19:58:04,5921424,brad32@example.org,web,yandex
2023-03-03T21:25:15,2959664,ibrown@example.org,web,google
2023-03-03T07:06:42,4615866,wperez@example.net,web,yandex
2023-03-03T01:54:57,6918884,ronaldkeith@example.net,web,yandex
2023-03-03T17:21:28,2495583,keith64@example.net,web,apple
2023-03-03T23:00:54,3052838,kevin28@example.com,web,email
2023-03-03T21:34:05,2703312,martinlinda@example.org,web,yandex
2023-03-03T00:22:46,8007194,michael55@example.net,web,email
2023-03-03T14:13:48,3172820,riveradustin@example.com,web,google
2023-03-03T01:59:25,816334,bellbonnie@example.org,web,apple
2023-03-03T23:39:18,2895289,smolina@example.org,web,google
2023-03-03T00:05:21,6321261,newtonanthony@example.net,web,yandex
2023-03-03T13:12:56,8755743,rebeccagallagher@example.net,web,yandex
2023-03-03T20:16:53,2975669,bcampbell@example.org,web,google
2023-03-03T06:39:19,2923139,ttaylor@example.org,web,apple
2023-03-03T23:51:20,3196042,huynhvanessa@example.com,web,google
2023-03-03T14:08:19,8082581,ronald56@example.org,web,google
2023-03-03T10:18:57,5798449,michelle91@example.org,web,yandex
2023-03-03T22:08:41,6780394,kfisher@example.org,web,apple
2023-03-03T05:30:12,1365284,robertahill@example.com,web,apple
2023-03-03T15:21:26,3141347,tammytyler@example.net,web,email
2023-03-03T21:29:04,5059253,andersonkimberly@example.org,web,email
2023-03-03T03:34:09,2788019,julie51@example.org,web,apple
2023-03-03T20:23:26,5538547,nicoleyoung@example.org,web,apple
2023-03-03T21:56:22,3133027,tammy61@example.net,web,email
2023-03-03T18:35:43,6688752,bduffy@example.com,web,email
2023-03-03T11:33:41,2834358,eric00@example.com,android,email
2023-03-03T00:20:54,3575543,poliver@example.net,android,google
2023-03-03T18:03:23,1790874,william45@example.net,android,email
2023-03-03T20:12:27,8210592,sarahtyler@example.com,android,google
2023-03-03T01:23:38,7954678,patricksanchez@example.net,android,email
2023-03-03T16:19:20,2538222,parkermitchell@example.org,android,email
2023-03-03T07:01:11,2450147,pdean@example.org,android,google
2023-03-03T09:47:05,5795442,vfinley@example.com,android,google
2023-03-03T07:13:49,6876685,brian45@example.net,android,google
2023-03-03T20:41:01,6802682,rothjulie@example.net,android,google
2023-03-03T11:31:48,8261873,martintiffany@example.net,android,email
2023-03-03T06:49:00,6745306,cody71@example.net,android,google
2023-03-03T07:09:45,7067265,timothy81@example.org,android,email
2023-03-03T13:38:09,7178869,torreskristopher@example.org,android,google
2023-03-03T04:15:12,666358,stephenbell@example.com,android,google
2023-03-03T09:55:29,1165075,kendra95@example.com,android,email
2023-03-03T20:25:47,4366721,jmolina@example.org,android,google
2023-03-03T21:25:12,5654142,cameron13@example.com,android,google
2023-03-03T23:15:27,5549969,philip64@example.com,android,google
2023-03-03T03:17:30,1574337,zwilkerson@example.org,android,google
2023-03-03T11:28:17,4069069,marcusfrederick@example.com,android,email
2023-03-03T13:40:20,3399548,smithmark@example.org,android,google
2023-03-03T05:04:59,4192524,anthony38@example.com,android,google
2023-03-03T13:36:44,2685729,fitzgeralderic@example.com,android,email
2023-03-03T05:30:20,2858029,zharper@example.com,android,email
2023-03-03T19:38:09,5766259,helliott@example.net,android,email
2023-03-03T08:22:24,2647014,richardhurst@example.org,android,google
2023-03-03T06:31:12,3869047,emilysantiago@example.com,android,google
2023-03-03T22:12:12,2529976,marc82@example.org,android,email
2023-03-03T17:02:57,2572158,luke96@example.org,android,email
2023-03-03T20:48:54,2606600,kkelley@example.org,android,email
2023-03-03T18:37:24,4179451,rossmeagan@example.org,android,google
2023-03-03T15:17:05,6777940,pgeorge@example.net,android,email
2023-03-03T12:40:41,7223416,samantha04@example.net,android,google
2023-03-03T13:23:37,7051627,james36@example.net,android,email
2023-03-03T21:18:34,2540561,haileypham@example.org,android,email
2023-03-03T07:15:06,6234805,matthewnunez@example.com,android,email
2023-03-03T12:48:55,5243087,fphillips@example.net,android,email
2023-03-03T13:29:37,3051132,stuartbenjamin@example.net,android,google
2023-03-03T20:57:56,1547994,edwardspears@example.org,android,google
2023-03-03T14:11:18,6315837,april67@example.org,android,email
2023-03-03T11:06:30,6078489,michaelherrera@example.org,android,email
2023-03-03T22:09:28,1183899,espinozatonya@example.org,android,email
2023-03-03T07:33:12,2382450,christophershelton@example.org,android,email
2023-03-03T12:29:07,8616305,danielguzman@example.org,android,google
2023-03-03T01:35:15,3670951,gsummers@example.net,android,google
2023-03-03T13:04:36,55897,robertsullivan@example.net,android,email
2023-03-03T12:00:45,62741,erik96@example.com,android,email
2023-03-03T07:40:44,347448,noahmartinez@example.org,android,email
2023-03-03T21:59:59,6628199,tbrown@example.net,android,email
2023-03-03T23:45:33,6236263,vangcharles@example.net,android,google
2023-03-03T04:24:11,6011565,jasmine55@example.org,android,google
2023-03-03T12:34:51,5005110,masontommy@example.com,android,google
2023-03-03T10:43:57,7860036,silvamichael@example.net,android,email
2023-03-03T15:17:56,5814994,gravesjuan@example.com,android,google
2023-03-03T01:40:01,5442686,mdennis@example.net,android,email
2023-03-03T22:06:29,4932300,krista36@example.net,android,google
2023-03-03T00:25:18,3708097,adamsanthony@example.net,android,google
2023-03-03T21:43:20,7276154,ryantodd@example.net,android,google
2023-03-03T02:30:04,2495357,kyle96@example.net,android,google
2023-03-03T02:41:37,2567591,sarasutton@example.com,android,google
2023-03-03T00:52:45,4322667,douglascohen@example.org,android,google
2023-03-03T15:37:31,2777751,xcastillo@example.com,android,google
2023-03-03T13:25:53,6726802,gillespiedonna@example.net,android,email
2023-03-03T15:27:41,6762555,biancafreeman@example.org,android,email
2023-03-03T10:13:01,8550346,bbrooks@example.org,android,email
2023-03-03T15:34:51,5286073,aphillips@example.com,android,google
2023-03-03T11:26:25,7586047,dylan74@example.com,android,google
2023-03-03T08:22:44,2454036,fowlerrobin@example.com,android,google
2023-03-03T19:33:39,3028490,ruizpatricia@example.net,android,email
2023-03-03T05:41:17,2800417,bryantmary@example.com,android,google
2023-03-03T20:36:14,715865,katherinemcclain@example.com,android,google
2023-03-03T15:34:29,4219994,john71@example.org,android,email
2023-03-03T09:00:40,1854775,lisa13@example.org,android,email
2023-03-03T22:31:30,4995203,lewisnicholas@example.net,android,email
2023-03-03T05:02:05,6262579,john40@example.net,android,email
2023-03-03T11:29:25,7742542,lindseytammy@example.com,android,email
2023-03-03T15:04:44,5016268,jacquelinemason@example.org,android,google
2023-03-03T02:34:51,1752506,hicksmichael@example.com,android,email
2023-03-03T03:09:07,1133398,hermanalicia@example.org,android,google
2023-03-03T07:28:17,3926821,joe50@example.org,android,google
2023-03-03T22:41:45,8090678,datkins@example.com,android,email
2023-03-03T08:23:04,6011257,kevin30@example.com,android,google
2023-03-03T20:47:35,2203705,patricklopez@example.net,android,email
2023-03-03T11:11:51,6970469,michaelmoon@example.com,android,google
2023-03-03T10:22:15,1745005,brianterry@example.net,android,google
2023-03-03T08:44:57,6059304,andersontina@example.com,android,email
2023-03-03T19:53:28,6770820,shunt@example.org,android,email
2023-03-03T20:48:24,7196957,colemandonald@example.com,android,email
2023-03-03T05:39:33,3634114,espears@example.org,android,google
2023-03-03T09:44:11,4893238,charles13@example.org,android,google
2023-03-03T16:50:32,4934364,bradylauren@example.com,android,google
2023-03-03T10:08:07,489973,anthonyjennings@example.com,android,email
2023-03-03T12:04:06,7147060,fischerbrittany@example.com,android,google
2023-03-03T11:20:40,4458113,amanda53@example.org,android,google
2023-03-03T03:05:15,1224430,felicia95@example.org,android,email
2023-03-03T22:34:24,6274117,snydertracey@example.net,android,google
2023-03-03T11:25:51,5731136,ayersterri@example.com,android,google
2023-03-03T15:55:40,5511035,keith95@example.com,android,email
2023-03-03T23:03:42,4777440,jefferyhuerta@example.net,android,email
2023-03-03T07:20:04,1448502,kevinmoore@example.net,android,email
2023-03-03T14:52:34,2242072,michaelharris@example.org,android,email
2023-03-03T23:24:56,2431912,cartersteven@example.org,android,google
2023-03-03T02:27:06,8854143,devin01@example.com,android,email
2023-03-03T16:16:04,5160491,dbean@example.net,android,email
2023-03-03T07:44:59,225554,smay@example.net,android,email
2023-03-03T09:47:49,4790659,cwilliams@example.com,android,email
2023-03-03T01:20:52,333623,josephpierce@example.org,android,email
2023-03-03T05:01:25,921892,webbmaria@example.com,android,google
2023-03-03T21:13:08,6218256,ysolomon@example.net,android,email
2023-03-03T08:07:50,3911126,annecollins@example.com,android,google
2023-03-03T07:45:22,3838827,mhicks@example.net,android,email
2023-03-03T13:01:45,1477618,garciasarah@example.net,android,google
2023-03-03T00:13:57,684063,pierceandrew@example.net,android,google
2023-03-03T03:46:23,7671316,christopher12@example.org,android,google
2023-03-03T23:12:34,6408975,kayla50@example.com,android,email
2023-03-03T05:30:58,6337756,howelljoe@example.org,android,email
2023-03-03T19:38:55,444237,rhondagreene@example.com,android,google
2023-03-03T05:27:51,1718009,bturner@example.com,android,email
2023-03-03T05:45:28,7019716,milleranthony@example.net,android,email
2023-03-03T03:34:41,4355748,gbishop@example.org,android,google
2023-03-03T07:48:59,7607527,ryanho@example.org,android,google
2023-03-03T00:34:45,680545,vdelacruz@example.net,android,email
2023-03-03T14:37:31,7284948,bailey21@example.net,android,google
2023-03-03T14:28:31,701747,matthew98@example.com,android,email
2023-03-03T16:04:55,6246756,kaylacollins@example.net,android,google
2023-03-03T18:47:35,3428834,jefferysmith@example.org,android,google
2023-03-03T23:11:37,2193068,meaganmueller@example.net,android,google
2023-03-03T07:27:12,3196486,kathleen87@example.org,android,google
2023-03-03T13:41:20,2378516,jasminstanley@example.com,android,google
2023-03-03T18:50:11,6829806,michelewright@example.org,android,google
2023-03-03T15:28:16,2592626,victoria17@example.net,android,email
2023-03-03T15:08:56,4485602,pmacdonald@example.net,android,google
2023-03-03T21:41:55,3966399,tanya10@example.net,android,email
2023-03-03T18:21:06,4910180,pgutierrez@example.org,android,email
2023-03-03T14:45:38,1591800,tracy35@example.net,android,email
2023-03-03T14:49:36,5157397,kelleycristian@example.net,android,email
2023-03-03T16:04:24,8269954,james34@example.net,android,email
2023-03-03T21:45:21,3853623,martinezdawn@example.org,android,email
2023-03-03T04:54:10,7950739,amandasharp@example.org,android,email
2023-03-03T20:08:49,4632484,ydixon@example.org,android,email
2023-03-03T11:51:32,6224987,mcintoshrachel@example.org,android,email
2023-03-03T19:25:21,708837,gamblebrandy@example.org,android,google
2023-03-03T12:47:32,2954118,cunninghamjohn@example.net,android,google
2023-03-03T11:03:40,6060920,tracysimmons@example.net,android,google
2023-03-03T15:40:42,8583187,michelle90@example.net,android,email
2023-03-03T07:02:02,1193427,barbaracisneros@example.com,android,email
2023-03-03T21:09:04,8405775,reneebennett@example.org,android,email
2023-03-03T19:55:14,7980823,thomasbrennan@example.com,android,email
2023-03-03T18:01:20,5760446,ihodges@example.net,android,email
2023-03-03T04:33:41,8669608,jenningsandrew@example.com,android,email
2023-03-03T19:12:24,6402060,williamscorey@example.com,ios,email
2023-03-03T13:19:59,6842370,mcarson@example.com,ios,email
2023-03-03T10:21:45,4382628,allison15@example.com,ios,apple
2023-03-03T05:43:56,8412681,reginakennedy@example.net,ios,apple
2023-03-03T07:19:51,3221648,david65@example.net,ios,apple
2023-03-03T23:53:42,7536690,kingchristina@example.com,ios,apple
2023-03-03T16:55:03,4993108,zdiaz@example.com,ios,email
2023-03-03T05:57:56,8433850,max48@example.org,ios,email
2023-03-03T10:00:12,3626105,bcunningham@example.net,ios,email
2023-03-03T05:58:16,4199942,allison26@example.org,ios,email
2023-03-03T22:38:13,381038,reedkim@example.org,ios,apple
2023-03-03T20:49:40,4121026,mendezmichael@example.com,ios,apple
2023-03-03T21:47:46,3469611,theodore77@example.org,ios,email
2023-03-03T20:03:00,6503153,xriley@example.org,ios,email
2023-03-03T11:12:10,6508238,rreyes@example.org,ios,email
2023-03-03T14:50:33,2651775,danielle39@example.net,ios,apple
2023-03-03T12:06:39,1815529,mjohnson@example.com,ios,apple
2023-03-03T20:47:57,3518776,carlos92@example.org,ios,apple
2023-03-03T09:50:12,3345605,melissa73@example.net,ios,email
2023-03-03T20:05:29,1801733,nflowers@example.org,ios,email
2023-03-03T13:00:13,7683161,iconway@example.org,ios,apple
2023-03-03T04:55:47,6742099,jose28@example.net,ios,email
2023-03-03T23:05:01,2260650,jeremyking@example.net,ios,apple
2023-03-03T07:39:24,250948,ashleypadilla@example.com,ios,email
2023-03-03T03:18:48,6052318,scottbenjamin@example.org,ios,apple
2023-03-03T08:47:54,8315238,alidon@example.com,ios,apple
2023-03-03T05:56:49,1661706,barbarasnyder@example.org,ios,apple
2023-03-03T09:50:06,1675826,kevinthomas@example.org,ios,apple
2023-03-03T12:58:10,1444357,charlesconway@example.org,ios,email
2023-03-03T09:48:00,720551,sallen@example.net,ios,apple
2023-03-03T09:07:16,4104351,epatton@example.com,ios,apple
2023-03-03T06:36:13,5616007,andrew16@example.com,ios,email
2023-03-03T13:50:18,2402653,pamelashort@example.net,ios,apple
2023-03-03T00:15:32,8603646,robertafisher@example.net,ios,apple
2023-03-03T23:47:29,8657496,ericwarner@example.net,ios,apple
2023-03-03T02:15:53,5021205,john16@example.net,ios,apple
2023-03-03T00:38:11,8063881,zgraham@example.org,ios,email
2023-03-03T12:51:21,4095685,johnsonnicholas@example.net,ios,email
2023-03-03T21:48:43,6633083,jonathan14@example.net,ios,email
2023-03-03T21:50:26,5771900,sarah11@example.com,ios,email
2023-03-03T10:14:31,4294284,pauldavid@example.net,ios,email
2023-03-03T00:56:39,7888554,lindalopez@example.com,ios,email
2023-03-03T20:31:28,7899992,christine78@example.org,ios,apple
2023-03-03T15:45:19,5406269,vcoleman@example.net,ios,email
2023-03-03T11:04:44,8553992,haneyaaron@example.net,ios,email
2023-03-03T04:02:59,2218632,wsmith@example.com,ios,email
2023-03-03T11:09:34,4904181,joshua07@example.org,ios,email
2023-03-03T03:19:05,475888,sandra59@example.org,ios,email
2023-03-03T09:25:58,4256380,jonathan55@example.net,ios,apple
2023-03-03T20:41:02,8152822,nicholashoffman@example.com,ios,apple
2023-03-03T15:33:49,1807438,iortega@example.net,ios,email
2023-03-03T15:14:54,3882856,steven21@example.com,ios,apple
2023-03-03T08:57:23,6007570,kpearson@example.net,ios,apple
2023-03-03T07:48:12,4807932,randolphallen@example.net,ios,email
2023-03-03T14:10:42,8449286,cpowell@example.net,ios,apple
2023-03-03T08:44:13,6306565,zdavis@example.com,ios,email
2023-03-03T02:57:42,667301,davidharris@example.com,ios,email
2023-03-03T03:48:45,5592314,cthomas@example.net,ios,apple
2023-03-03T00:08:24,8183910,kwoods@example.net,ios,apple
2023-03-03T05:42:54,895613,travis08@example.org,ios,apple
2023-03-03T09:47:53,3930390,kevinlee@example.net,ios,apple
2023-03-03T11:57:44,3634585,gallaghermargaret@example.com,ios,email
2023-03-03T12:44:01,7478849,troygrimes@example.net,ios,apple
2023-03-03T00:38:16,7897124,vfoster@example.org,ios,apple
2023-03-03T00:48:22,8371222,martinjohn@example.net,ios,apple
2023-03-03T00:00:58,5399750,tammy56@example.com,ios,email
2023-03-04T14:31:38,7817182,shirley31@example.com,web,email
2023-03-04T09:11:08,7492941,josephbenson@example.com,web,email
2023-03-04T21:27:54,3375149,michael85@example.net,web,apple
2023-03-04T15:51:59,6092341,turnerroger@example.net,web,email
2023-03-04T19:16:15,856541,katherine17@example.org,web,google
2023-03-04T08:53:24,7348433,bryanpearson@example.net,web,apple
2023-03-04T12:22:37,2780877,estesernest@example.net,web,email
2023-03-04T02:38:38,2085103,manuelthomas@example.net,web,google
2023-03-04T13:35:53,6785432,sanchezangel@example.org,web,email
2023-03-04T07:04:26,22368,kimberlythomas@example.net,web,email
2023-03-04T20:48:40,8445165,ulopez@example.com,web,yandex
2023-03-04T17:54:55,3843151,carrollwillie@example.net,web,yandex
2023-03-04T19:08:47,5248790,wparks@example.com,web,email
2023-03-04T01:25:54,6779478,nelsonmatthew@example.org,web,email
2023-03-04T06:36:27,2261197,danielsanne@example.com,web,email
2023-03-04T09:23:40,3137500,zachary08@example.org,web,email
2023-03-04T21:17:03,3735702,martinbrianna@example.org,web,yandex
2023-03-04T07:29:24,3549762,christinagibbs@example.net,web,email
2023-03-04T22:27:41,2995086,ejohnson@example.com,web,apple
2023-03-04T12:33:28,8833279,flopez@example.net,web,google
2023-03-04T18:36:15,8440220,daniel61@example.net,web,apple
2023-03-04T03:35:00,7478505,alisonjones@example.com,web,email
2023-03-04T13:20:59,6188266,matthewsmith@example.org,web,google
2023-03-04T02:21:57,6356262,faulknermelissa@example.com,web,apple
2023-03-04T02:37:57,412261,jspencer@example.org,web,google
2023-03-04T17:55:24,3926349,vjohnson@example.com,web,google
2023-03-04T07:41:18,5763848,uchavez@example.org,web,apple
2023-03-04T06:12:48,5846040,lisaliu@example.com,web,google
2023-03-04T07:33:08,6463623,vgardner@example.com,web,google
2023-03-04T02:21:55,326956,christopher40@example.com,web,yandex
2023-03-04T05:32:53,5014572,ericrichardson@example.com,web,email
2023-03-04T11:40:23,1124120,matthew13@example.com,web,apple
2023-03-04T19:11:03,6654592,harrisleah@example.org,web,yandex
2023-03-04T18:51:23,1537740,ramirezmary@example.org,web,google
2023-03-04T13:05:17,6479429,twalsh@example.com,web,yandex
2023-03-04T10:15:36,7509317,davisstephanie@example.net,web,google
2023-03-04T11:25:11,7973979,donald53@example.org,web,email
2023-03-04T12:42:26,5437602,theresa86@example.org,web,google
2023-03-04T04:45:31,6058235,erika33@example.com,web,yandex
2023-03-04T00:56:25,6704197,betharmstrong@example.org,web,google
2023-03-04T00:35:33,7385781,brendaestrada@example.com,web,apple
2023-03-04T19:38:40,2858226,peter58@example.net,web,email
2023-03-04T17:26:34,6902204,cheryl60@example.com,web,apple
2023-03-04T12:00:29,1975821,oedwards@example.net,web,apple
2023-03-04T00:41:39,6975186,ygray@example.com,web,yandex
2023-03-04T12:27:05,2125031,barkerlaurie@example.com,web,email
2023-03-04T01:38:59,2558079,marissahartman@example.org,web,yandex
2023-03-04T12:28:46,8444665,joneskathy@example.com,web,email
2023-03-04T03:56:30,5335879,karensmith@example.net,web,google
2023-03-04T13:59:06,1693688,floresjohn@example.net,web,email
2023-03-04T20:07:08,5956682,kristen03@example.org,web,apple
2023-03-04T01:08:07,5968021,gonzalezcindy@example.org,web,apple
2023-03-04T19:59:54,6252291,hollyjones@example.org,web,email
2023-03-04T11:39:31,597108,ccohen@example.org,web,email
2023-03-04T01:27:28,1128577,allenrichard@example.org,web,email
2023-03-04T08:43:12,661234,hugheschristopher@example.com,web,yandex
2023-03-04T20:46:13,1656176,changpatrick@example.net,web,yandex
2023-03-04T11:27:41,8829097,walkerchristine@example.org,web,google
2023-03-04T14:19:47,2561757,evan28@example.com,web,yandex
2023-03-04T00:05:19,6702275,gina66@example.com,web,email
2023-03-04T13:21:21,3869008,igomez@example.net,web,apple
2023-03-04T13:22:58,951441,taylor66@example.net,web,yandex
2023-03-04T04:42:45,8581864,jennifer88@example.org,web,apple
2023-03-04T00:27:58,1517239,ashley91@example.org,web,email
2023-03-04T01:27:25,5794187,davidglover@example.com,web,yandex
2023-03-04T04:52:01,5900284,xswanson@example.net,web,email
2023-03-04T04:17:24,4893511,elane@example.net,web,apple
2023-03-04T15:25:30,2613634,charles95@example.org,web,yandex
2023-03-04T20:14:14,2753714,mcarroll@example.net,web,google
2023-03-04T01:27:00,6557496,elaine53@example.com,web,google
2023-03-04T00:37:21,5727707,icruz@example.org,web,email
2023-03-04T17:44:44,6085907,michael31@example.org,web,google
2023-03-04T19:58:39,7684851,sanchezpatrick@example.net,web,email
2023-03-04T22:57:44,5624671,stacey98@example.org,android,email
2023-03-04T13:15:37,8542950,twarren@example.org,android,email
2023-03-04T16:49:06,3666542,mscott@example.org,android,email
2023-03-04T04:51:37,7696203,taylor21@example.org,android,email
2023-03-04T00:30:22,8353142,diane65@example.net,android,email
2023-03-04T03:43:43,2482026,fmcdonald@example.org,android,google
2023-03-04T03:15:43,7319089,cynthiastrong@example.org,android,email
2023-03-04T16:14:41,681507,connienelson@example.org,android,email
2023-03-04T01:33:10,3523949,michaelhull@example.com,android,email
2023-03-04T13:55:02,1848993,mary73@example.org,android,google
2023-03-04T12:09:32,6386171,adamsdevin@example.com,android,email
2023-03-04T04:33:11,5359626,lucassmith@example.com,android,google
2023-03-04T23:15:46,1096355,tatkinson@example.net,android,email
2023-03-04T03:39:28,8202812,chadchristian@example.com,android,email
2023-03-04T17:34:14,8748475,ybarnes@example.net,android,google
2023-03-04T12:19:40,1117167,morsewilliam@example.org,android,email
2023-03-04T23:34:26,6223740,justin79@example.net,android,email
2023-03-04T20:34:58,1430960,sandra67@example.com,android,email
2023-03-04T09:43:32,2287954,gabriel21@example.org,android,email
2023-03-04T18:26:34,6937058,htownsend@example.org,android,google
2023-03-04T14:09:21,5981507,hunterroger@example.org,android,email
2023-03-04T08:16:56,5638149,rarnold@example.net,android,google
2023-03-04T17:05:10,3670846,brittanycain@example.com,android,email
2023-03-04T20:48:41,109025,elizabeth57@example.com,android,google
2023-03-04T15:55:34,2412346,nicolesmith@example.org,android,google
2023-03-04T19:39:43,1881871,alvin85@example.org,android,google
2023-03-04T12:22:11,8149906,huberchristopher@example.net,android,email
2023-03-04T00:11:58,1763292,moodykaitlyn@example.com,android,email
2023-03-04T08:47:11,7861131,hwoodward@example.net,android,google
2023-03-04T01:28:09,2218004,melissa14@example.net,android,email
2023-03-04T06:46:12,2095275,laurenallen@example.org,android,google
2023-03-04T21:18:03,8843372,amandaphillips@example.net,android,google
2023-03-04T21:00:37,3824059,smithapril@example.com,android,email
2023-03-04T09:03:30,4256809,danielreynolds@example.net,android,email
2023-03-04T00:33:59,6117178,brownmarilyn@example.net,android,google
2023-03-04T06:13:55,4548825,brandonhines@example.com,android,email
2023-03-04T08:48:21,2824346,ssmith@example.com,android,email
2023-03-04T05:18:45,2461519,angela87@example.net,android,email
2023-03-04T21:58:22,7309449,stevensteele@example.org,android,email
2023-03-04T07:17:13,7482913,uhernandez@example.org,android,email
2023-03-04T17:47:36,7448647,wbuchanan@example.org,android,google
2023-03-04T12:25:19,8272528,fprice@example.org,android,google
2023-03-04T16:56:37,8759288,denisemccoy@example.com,android,email
2023-03-04T23:02:43,7065200,ayalatimothy@example.com,android,email
2023-03-04T08:44:21,7161948,richard85@example.net,android,email
2023-03-04T18:58:23,402138,thomas07@example.com,android,email
2023-03-04T10:46:23,2125693,obriggs@example.com,android,google
2023-03-04T05:21:23,5038734,ephillips@example.com,android,email
2023-03-04T05:42:55,1898874,howardangela@example.com,android,email
2023-03-04T20:55:15,2545722,vhenry@example.net,android,email
2023-03-04T18:23:37,7586034,jamesmooney@example.org,android,email
2023-03-04T22:17:21,5689377,hevans@example.net,android,email
2023-03-04T02:01:51,6979247,christopher42@example.org,android,email
2023-03-04T16:12:13,1068254,garzajoseph@example.org,android,email
2023-03-04T13:39:49,1410103,douglasmartin@example.org,android,email
2023-03-04T22:36:01,7680919,dbrown@example.com,android,google
2023-03-04T19:04:14,5104616,donnadiaz@example.net,android,google
2023-03-04T03:36:16,3603395,michaelbecker@example.com,android,google
2023-03-04T12:29:31,1344443,tonya07@example.org,android,email
2023-03-04T20:59:13,6187551,beckercatherine@example.net,android,google
2023-03-04T18:01:54,3667593,vmoreno@example.net,android,email
2023-03-04T21:09:41,2650844,kathleen49@example.com,android,email
2023-03-04T23:57:39,5889785,jennagreen@example.com,android,email
2023-03-04T04:43:44,2196204,justinwhite@example.net,android,google
2023-03-04T04:16:23,412720,zwilliams@example.org,android,google
2023-03-04T14:50:13,7217312,ruben80@example.net,android,google
2023-03-04T11:24:59,2799854,patrick90@example.net,android,email
2023-03-04T03:57:12,6272868,hernandezvictoria@example.net,android,email
2023-03-04T01:38:30,2156525,grobinson@example.net,android,google
2023-03-04T08:06:53,1953523,austincalderon@example.com,android,email
2023-03-04T09:36:45,3405136,williamslaura@example.com,android,google
2023-03-04T14:21:36,1143284,valentinelaura@example.net,android,google
2023-03-04T11:00:42,7375441,sarah52@example.org,android,google
2023-03-04T09:00:17,5372717,sabrinamiller@example.com,android,google
2023-03-04T13:45:21,1121945,katherine02@example.com,android,google
2023-03-04T07:42:17,8066727,crystal33@example.net,android,google
2023-03-04T14:35:54,1168809,paul91@example.net,android,email
2023-03-04T02:04:41,6528362,richmary@example.com,android,email
2023-03-04T16:41:06,7895876,cynthia30@example.com,android,email
2023-03-04T22:42:47,6264969,lsingh@example.org,android,google
2023-03-04T00:04:02,6833341,griffinwilliam@example.org,android,email
2023-03-04T14:34:34,237278,jenkinsfrancisco@example.com,android,email
2023-03-04T18:57:15,5381739,sarah22@example.com,android,email
2023-03-04T03:22:34,2347308,xriggs@example.org,android,google
2023-03-04T17:05:37,7182826,ortizelizabeth@example.com,android,google
2023-03-04T18:13:19,2604737,ashleyparker@example.org,android,email
2023-03-04T01:48:58,6735154,abarry@example.com,android,google
2023-03-04T03:59:48,6099260,adamgriffith@example.com,android,google
2023-03-04T11:12:59,8697541,jasmin80@example.com,android,google
2023-03-04T16:44:17,615943,michaelvargas@example.net,android,email
2023-03-04T23:17:50,916606,vmurphy@example.org,android,email
2023-03-04T23:22:35,4165926,jerome52@example.net,android,google
2023-03-04T10:21:47,3616456,thomaskeith@example.com,android,email
2023-03-04T06:31:07,4100346,zlawrence@example.net,android,google
2023-03-04T15:26:13,4697747,wendymcdonald@example.com,android,google
2023-03-04T22:22:05,7759141,allenmary@example.com,android,email
2023-03-04T16:27:39,3326181,jessica59@example.com,android,email
2023-03-04T18:43:45,5138764,sbender@example.com,android,google
2023-03-04T13:41:39,233029,peterstroy@example.net,android,email
2023-03-04T18:17:49,6218623,slove@example.net,android,google
2023-03-04T11:46:46,738459,lmartinez@example.org,android,email
2023-03-04T16:46:13,145208,bakerkaren@example.net,android,google
2023-03-04T18:00:37,8040815,eporter@example.org,android,google
2023-03-04T21:13:51,5347635,laurenhunter@example.com,android,google
2023-03-04T02:43:47,666952,lisagray@example.com,android,email
2023-03-04T04:11:03,2826863,rebecca46@example.com,android,google
2023-03-04T21:57:18,947302,sabrinazimmerman@example.org,android,google
2023-03-04T00:54:39,2304947,chloe98@example.org,android,email
2023-03-04T23:59:07,66979,johnsoneddie@example.org,android,google
2023-03-04T22:46:04,4102743,lallen@example.org,android,email
2023-03-04T21:23:27,1363805,kristapham@example.com,android,email
2023-03-04T07:47:04,2775291,sabrinacarter@example.org,android,google
2023-03-04T02:43:13,440127,jordan37@example.org,android,email
2023-03-04T17:11:47,977775,matthew40@example.com,android,email
2023-03-04T18:23:07,479083,rhonda36@example.org,android,google
2023-03-04T06:41:07,3072087,jacksonmitchell@example.com,android,google
2023-03-04T02:24:10,3887612,lopezkathy@example.net,android,google
2023-03-04T18:03:32,4608812,amanda35@example.net,android,google
2023-03-04T17:57:37,8792068,martinrachel@example.org,android,email
2023-03-04T22:53:20,4397226,brendahill@example.com,android,email
2023-03-04T05:50:35,4833354,yturner@example.net,android,email
2023-03-04T03:27:26,5952564,wileytammy@example.com,android,google
2023-03-04T13:29:14,5444858,nreeves@example.org,android,google
2023-03-04T19:18:53,4555931,gregoryapril@example.org,android,email
2023-03-04T06:11:38,1186134,shannontaylor@example.org,android,email
2023-03-04T09:04:01,8277073,carolyn78@example.com,android,email
2023-03-04T14:48:55,5331703,michelleestrada@example.com,android,email
2023-03-04T21:54:45,6946194,smithlaura@example.net,android,email
2023-03-04T19:51:17,6604889,olivia73@example.net,android,email
2023-03-04T17:08:52,4612689,boonekathleen@example.org,android,google
2023-03-04T15:16:20,8272409,anelson@example.com,android,google
2023-03-04T02:24:03,7567623,uzimmerman@example.org,android,google
2023-03-04T19:03:24,2596868,martintina@example.net,android,google
2023-03-04T16:19:05,271729,ccraig@example.net,android,google
2023-03-04T17:30:09,4647953,uporter@example.com,android,google
2023-03-04T11:08:01,4222920,daviddelgado@example.org,android,email
2023-03-04T19:48:50,6328933,jamesbrooks@example.org,android,email
2023-03-04T02:04:58,8760940,hugheskimberly@example.org,android,google
2023-03-04T02:24:44,7814696,antonio62@example.net,android,email
2023-03-04T07:10:56,6794309,staceymendoza@example.com,android,google
2023-03-04T04:14:44,3961226,tiffany77@example.org,android,google
2023-03-04T22:06:14,3012047,jessegonzalez@example.net,android,google
2023-03-04T10:08:55,5654959,brittany79@example.org,android,google
2023-03-04T17:36:34,7442339,yramirez@example.com,android,google
2023-03-04T04:05:29,4065111,wilsonashley@example.org,android,email
2023-03-04T09:54:00,2652287,nharvey@example.com,android,email
2023-03-04T09:00:01,7420483,clarklauren@example.com,android,google
2023-03-04T05:35:49,242966,lindseygarcia@example.com,android,email
2023-03-04T21:41:56,6964904,joshuadelacruz@example.com,android,email
2023-03-04T22:31:11,8728177,david70@example.org,android,email
2023-03-04T14:18:48,3721688,danielbarnes@example.com,android,google
2023-03-04T06:07:14,6829365,bauerkevin@example.org,android,google
2023-03-04T07:19:36,784265,joseph36@example.net,android,email
2023-03-04T14:19:06,7572013,kjackson@example.com,android,google
2023-03-04T23:20:33,8193881,kevin66@example.org,android,google
2023-03-04T23:50:02,6059469,taylor54@example.net,android,email
2023-03-04T01:28:25,1555349,uschmidt@example.org,android,email
2023-03-04T12:49:31,999433,paulclarke@example.net,android,email
2023-03-04T23:30:23,5448366,murrayjacqueline@example.net,android,google
2023-03-04T03:47:27,5932630,youngmeghan@example.org,android,google
2023-03-04T22:54:28,7183298,collinsemily@example.com,android,email
2023-03-04T23:14:04,123525,michael72@example.org,android,email
2023-03-04T08:58:58,734295,lmarshall@example.net,android,email
2023-03-04T18:57:01,1939712,williamcook@example.org,android,google
2023-03-04T04:51:52,6748656,wnichols@example.com,android,google
2023-03-04T07:41:15,7263689,dillonchristian@example.com,android,google
2023-03-04T23:14:48,6952079,christina58@example.com,android,email
2023-03-04T11:29:23,8837482,maria88@example.com,android,email
2023-03-04T06:56:38,5357844,eric94@example.org,android,email
2023-03-04T02:40:46,3339987,john88@example.net,ios,apple
2023-03-04T19:05:09,4869323,hancockamy@example.net,ios,apple
2023-03-04T07:31:46,797837,buckvincent@example.net,ios,apple
2023-03-04T20:36:39,5619436,ruizdanielle@example.org,ios,email
2023-03-04T18:59:19,3141237,williamlee@example.net,ios,email
2023-03-04T12:55:25,8026247,taylorlisa@example.net,ios,apple
2023-03-04T08:02:52,1824271,kevin03@example.net,ios,email
2023-03-04T06:44:51,6656621,ashley28@example.net,ios,email
2023-03-04T09:31:14,344000,erinwilliams@example.org,ios,email
2023-03-04T22:34:22,3553960,catherine07@example.com,ios,email
2023-03-04T22:31:41,5169345,epham@example.org,ios,apple
2023-03-04T17:52:59,74640,griffinjoshua@example.com,ios,apple
2023-03-04T03:20:49,4978842,taylor54@example.com,ios,apple
2023-03-04T18:58:55,7625988,selena54@example.com,ios,apple
2023-03-04T00:12:26,4964015,williamsonalexander@example.net,ios,apple
2023-03-04T22:45:42,7646389,wallacebradley@example.org,ios,email
2023-03-04T17:22:10,783613,johnstabitha@example.com,ios,email
2023-03-04T19:34:58,278487,joseph06@example.com,ios,apple
2023-03-04T04:51:50,3111750,srodriguez@example.net,ios,email
2023-03-04T03:52:58,8636922,breannacase@example.org,ios,email
2023-03-04T18:29:28,4748446,wdawson@example.org,ios,apple
2023-03-04T13:49:09,724919,baxterjose@example.com,ios,email
2023-03-04T01:52:29,2586016,elizabeth49@example.org,ios,email
2023-03-04T21:37:06,2904968,cmiller@example.org,ios,email
2023-03-04T00:03:47,95413,rollinskatherine@example.com,ios,apple
2023-03-04T07:41:41,1238981,xroy@example.org,ios,apple
2023-03-04T19:00:17,8377264,johnsonmary@example.net,ios,apple
2023-03-04T04:13:03,8308129,sarahroth@example.org,ios,email
2023-03-04T14:08:16,1116738,cameronchristian@example.com,ios,apple
2023-03-04T11:04:17,87364,carsonalexa@example.com,ios,apple
2023-03-04T09:30:10,523574,suarezjeremy@example.org,ios,apple
2023-03-04T13:15:22,6649584,zunigaclinton@example.com,ios,apple
2023-03-04T08:09:14,1660043,ejohnson@example.com,ios,email
2023-03-04T00:43:52,3357719,nporter@example.org,ios,email
2023-03-04T09:03:17,5372456,uflores@example.com,ios,apple
2023-03-04T00:42:51,1239225,psmith@example.org,ios,email
2023-03-04T15:59:28,5289328,brownkendra@example.com,ios,apple
2023-03-04T13:44:29,6114370,pwilson@example.net,ios,apple
2023-03-04T15:11:07,8321376,melanie29@example.com,ios,email
2023-03-04T12:46:37,6103433,kimberlybowman@example.com,ios,email
2023-03-04T09:17:48,629227,cscott@example.com,ios,email
2023-03-04T22:34:19,4753983,robert72@example.com,ios,apple
2023-03-04T04:45:54,6801371,danielhall@example.org,ios,email
2023-03-04T22:07:20,2034697,thompsonbrian@example.net,ios,apple
2023-03-04T23:24:43,3365799,rmorgan@example.net,ios,email
2023-03-04T06:24:19,8485905,jgardner@example.org,ios,email
2023-03-05T21:11:40,8509874,zsmith@example.org,web,apple
2023-03-05T19:11:48,6079495,ydudley@example.com,web,email
2023-03-05T03:54:40,4969590,lindamathis@example.net,web,yandex
2023-03-05T09:07:53,4023629,ischaefer@example.net,web,google
2023-03-05T08:55:34,1959504,eroberts@example.com,web,yandex
2023-03-05T07:27:54,8134034,savagezachary@example.com,web,apple
2023-03-05T11:56:07,1378483,drewscott@example.net,web,yandex
2023-03-05T15:10:59,4439693,ipham@example.com,web,google
2023-03-05T18:37:27,4459715,bellamanda@example.com,web,google
2023-03-05T15:38:50,4468763,cameronhall@example.org,web,yandex
2023-03-05T11:40:42,5241334,kimberlykidd@example.net,web,yandex
2023-03-05T12:15:29,1663935,matthewhall@example.net,web,yandex
2023-03-05T21:00:52,1975133,walkerbrianna@example.org,web,yandex
2023-03-05T14:50:04,1957652,gouldtodd@example.org,web,yandex
2023-03-05T07:50:05,712031,aallen@example.com,web,yandex
2023-03-05T10:32:32,8297447,adam48@example.org,web,yandex
2023-03-05T17:23:06,875659,boyermitchell@example.net,web,email
2023-03-05T18:49:10,7116477,sarah36@example.org,web,yandex
2023-03-05T22:00:42,6650724,andrewparks@example.com,web,google
2023-03-05T07:45:43,8130371,nicolewebb@example.com,web,apple
2023-03-05T18:53:19,8417825,josebutler@example.com,web,yandex
2023-03-05T06:39:24,2929704,david09@example.org,web,google
2023-03-05T21:50:21,1557199,watsonsarah@example.org,web,google
2023-03-05T21:52:46,8833853,robinsonkatie@example.net,web,yandex
2023-03-05T07:25:43,6828947,lawrence81@example.com,web,apple
2023-03-05T04:16:11,3068196,anthony00@example.org,web,apple
2023-03-05T22:04:01,393104,kelseynewman@example.com,web,apple
2023-03-05T07:03:11,8383652,david88@example.org,web,apple
2023-03-05T09:06:52,1269875,apeterson@example.com,android,email
2023-03-05T08:07:05,480226,laura34@example.net,android,email
2023-03-05T19:47:07,5851934,mbailey@example.org,android,google
2023-03-05T05:07:29,6714896,cynthia71@example.com,android,google
2023-03-05T19:58:50,3945964,adamslaura@example.com,android,email
2023-03-05T13:20:21,5006088,twood@example.net,android,email
2023-03-05T00:08:09,693621,taylormichelle@example.net,android,google
2023-03-05T10:06:59,6713380,yutraci@example.org,android,google
2023-03-05T16:49:39,1295561,irichardson@example.com,android,google
2023-03-05T18:00:41,8064336,umelendez@example.net,android,google
2023-03-05T16:37:39,1974260,erin01@example.com,android,email
2023-03-05T07:03:34,7065844,melissahensley@example.com,android,google
2023-03-05T16:19:31,2551097,autumn58@example.com,android,google
2023-03-05T04:52:01,1908306,jacquelineanderson@example.net,android,google
2023-03-05T20:40:50,5725469,alex41@example.com,android,email
2023-03-05T04:40:41,6098462,vrose@example.org,android,email
2023-03-05T12:25:35,3000872,shawn95@example.net,android,email
2023-03-05T06:39:40,2922957,terri14@example.com,android,email
2023-03-05T04:53:09,4764292,pamela00@example.net,android,email
2023-03-05T20:21:11,2631559,williamsderek@example.net,android,email
2023-03-05T03:19:40,6414793,jerryrivera@example.com,android,google
2023-03-05T15:03:48,53167,laura65@example.net,android,google
2023-03-05T09:51:08,4969623,jasmine42@example.net,android,email
2023-03-05T16:25:59,7636873,imclaughlin@example.net,android,google
2023-03-05T11:17:41,7551697,jacobgarcia@example.org,android,google
